Workbook

Sheet DOD Staging
A1: Story ID | B1: Summary | C1: Assigne | D1: Reporter | E1: Due Date | F1: Affect verion | G1: Fixed version | H1: Story Points | I1: Label | J1: Acceptance Criteria | K1: Description | L1: Team Name | M1: Epic Link | N1: Sub tasks | O1: Incomplete Sub Tasks | P1: Issue links | Q1: Incomplete Issue Links | R1: DOD Status
A2: JA-4 | B2: Work on logging to the jira page via selenium | C2: Jira Admin | D2: Jira AdminJira Admin | E2: 18 Nov 2025 | F2: Release 1.0 | G2: Release 1.0 | H2: 10 | I2: Build | J2: Given a registered user is on the login pageWhen they enter a valid username and password and click the “Login” ButtonThen they should be redirected to the dashboard page | K2: As a user I should be able to login to Atlassian Jira so that I can fetch the user stories | L2: Automation team | M2: https://jiraautomation.atlassian.net/browse/JA-3 | N2: Done | P2: Done
A3: JA-13 | B3: Control of all smart devices from a single app | C3: Jira Admin | D3: Jira AdminJira Admin | E3: 18 Nov 2026 | F3: Nov_Release_1.0 | G3: Nov_Release_1.0 | H3: 30 | I3: Build | J3: Given that the user have multiple smart devices connected to the home network,When User open the smart home app,Then user should see a dashboard displaying all connected devices | K3: As a smart home owner , I want to control all of my smart devices from a single app, so I can easily manage my home’s technology. | L3: Automation team | M3: https://jiraautomation.atlassian.net/browse/JA-3 | N3: Not Completed | O3: JA-6, JA-14, JA-15 | P3: Not Completed | Q3: JA-20
A4: JA-16 | B4: Real time updates about food menu on Website | C4: Jira Admin | D4: Jira AdminJira Admin | E4: 27 Nov 2025 | F4: Dec_1.0 | G4: Dec_1.0 | H4: 20 | I4: config | J4: Given that I make any menu updates, When a customer refreshes or navigates the menu page, Then they should see the most recent and accurate information. | K4: As a restaurant Owner, I want to update my items in real-time on my website, so that my customers have accurate information | L4: Automation team | M4: https://jiraautomation.atlassian.net/browse/JA-3 | N4: Not Completed | O4: JA-27, JA-28, JA-29 | P4: Not Completed | Q4: JA-25
A5: JA-5 | B5: create dummy stories for the project demo | C5: Jira Admin | D5: Jira AdminJira Admin | E5: 18 Nov 2025 | F5: Nov_Release_1.0 | G5: Nov_Release_1.0 | H5: 3 | I5: config | J5: Add text | K5: To check whether functionality is working fine or not | L5: Automation team | M5: https://jiraautomation.atlassian.net/browse/JA-3 | N5: Not Completed | O5: JA-33, JA-34 | P5: Not Completed | Q5: JA-19
A6: JA-17 | B6: Book Recommendations based on user history | C6: Jira Admin | D6: Jira AdminJira Admin | E6: 13 Nov 2025 | F6: Dec_1.0 | G6: Dec_1.0 | H6: 32 | I6: Build | J6: Given that I am viewing the recommended books, When I click on the book title, Then I should see its details, ratings and option to add it to my reading list | K6: As an avid reader, I want to receive personalized book recommendations based on my reading history, so that I can discover new books that align my interests | L6: Automation team | M6: https://jiraautomation.atlassian.net/browse/JA-3 | N6: Not Completed | O6: JA-30, JA-31, JA-32 | P6: Not Completed | Q6: JA-22

Sheet DOD Status
A1: Story ID | B1: Summary | C1: Assigne | D1: Reporter | E1: Due Date | F1: Affect verion | G1: Fixed version | H1: Story Points | I1: Label | J1: Acceptance Criteria | K1: Description | L1: Team Name | M1: Epic Link | N1: Sub tasks | O1: Incomplete Sub Tasks | P1: Issue links | Q1: Incomplete Issue Links | R1: DOD Status
A2: =IF('DOD Staging'!A2="", "", 'DOD Staging'!A2) -> JA-4 | B2: =IF('DOD Staging'!B2="", "", 'DOD Staging'!B2) -> Work on logging to the jira page via selenium | C2: =IF('DOD Staging'!C2="", "", 'DOD Staging'!C2) -> Jira Admin | D2: =IF('DOD Staging'!D2="", "", 'DOD Staging'!D2) -> Jira AdminJira Admin | E2: =IF('DOD Staging'!E2="", "", 'DOD Staging'!E2) -> 18 Nov 2025 | F2: =IF('DOD Staging'!F2="", "", 'DOD Staging'!F2) -> Release 1.0 | G2: =IF('DOD Staging'!G2="", "", 'DOD Staging'!G2) -> Release 1.0 | H2: =IF('DOD Staging'!H2="", "", 'DOD Staging'!H2) -> 10 | ... Q2: =IF('DOD Staging'!Q2="", "", 'DOD Staging'!Q2) | R2: =IF(AND(N2="",P2=""),"",IF(OR(N2="Not Completed",P2="Not Completed"),"Not Completed",IF(AND(N2="Done",P2="Done"),"Done",IF(OR(N2="Done",P2="Done"),"Done","")))) -> Done
A3: =IF('DOD Staging'!A3="", "", 'DOD Staging'!A3) -> JA-13 | B3: =IF('DOD Staging'!B3="", "", 'DOD Staging'!B3) -> Control of all smart devices from a single app | C3: =IF('DOD Staging'!C3="", "", 'DOD Staging'!C3) -> Jira Admin | D3: =IF('DOD Staging'!D3="", "", 'DOD Staging'!D3) -> Jira AdminJira Admin | E3: =IF('DOD Staging'!E3="", "", 'DOD Staging'!E3) -> 18 Nov 2026 | F3: =IF('DOD Staging'!F3="", "", 'DOD Staging'!F3) -> Nov_Release_1.0 | G3: =IF('DOD Staging'!G3="", "", 'DOD Staging'!G3) -> Nov_Release_1.0 | H3: =IF('DOD Staging'!H3="", "", 'DOD Staging'!H3) -> 30 | ... Q3: =IF('DOD Staging'!Q3="", "", 'DOD Staging'!Q3) -> JA-20 | R3: =IF(AND(N3="",P3=""),"",IF(OR(N3="Not Completed",P3="Not Completed"),"Not Completed",IF(AND(N3="Done",P3="Done"),"Done",IF(OR(N3="Done",P3="Done"),"Done","")))) -> Not Completed
A4: =IF('DOD Staging'!A4="", "", 'DOD Staging'!A4) -> JA-16 | B4: =IF('DOD Staging'!B4="", "", 'DOD Staging'!B4) -> Real time updates about food menu on Website | C4: =IF('DOD Staging'!C4="", "", 'DOD Staging'!C4) -> Jira Admin | D4: =IF('DOD Staging'!D4="", "", 'DOD Staging'!D4) -> Jira AdminJira Admin | E4: =IF('DOD Staging'!E4="", "", 'DOD Staging'!E4) -> 27 Nov 2025 | F4: =IF('DOD Staging'!F4="", "", 'DOD Staging'!F4) -> Dec_1.0 | G4: =IF('DOD Staging'!G4="", "", 'DOD Staging'!G4) -> Dec_1.0 | H4: =IF('DOD Staging'!H4="", "", 'DOD Staging'!H4) -> 20 | ... Q4: =IF('DOD Staging'!Q4="", "", 'DOD Staging'!Q4) -> JA-25 | R4: =IF(AND(N4="",P4=""),"",IF(OR(N4="Not Completed",P4="Not Completed"),"Not Completed",IF(AND(N4="Done",P4="Done"),"Done",IF(OR(N4="Done",P4="Done"),"Done","")))) -> Not Completed
A5: =IF('DOD Staging'!A5="", "", 'DOD Staging'!A5) -> JA-5 | B5: =IF('DOD Staging'!B5="", "", 'DOD Staging'!B5) -> create dummy stories for the project demo | C5: =IF('DOD Staging'!C5="", "", 'DOD Staging'!C5) -> Jira Admin | D5: =IF('DOD Staging'!D5="", "", 'DOD Staging'!D5) -> Jira AdminJira Admin | E5: =IF('DOD Staging'!E5="", "", 'DOD Staging'!E5) -> 18 Nov 2025 | F5: =IF('DOD Staging'!F5="", "", 'DOD Staging'!F5) -> Nov_Release_1.0 | G5: =IF('DOD Staging'!G5="", "", 'DOD Staging'!G5) -> Nov_Release_1.0 | H5: =IF('DOD Staging'!H5="", "", 'DOD Staging'!H5) -> 3 | ... Q5: =IF('DOD Staging'!Q5="", "", 'DOD Staging'!Q5) -> JA-19 | R5: =IF(AND(N5="",P5=""),"",IF(OR(N5="Not Completed",P5="Not Completed"),"Not Completed",IF(AND(N5="Done",P5="Done"),"Done",IF(OR(N5="Done",P5="Done"),"Done","")))) -> Not Completed
A6: =IF('DOD Staging'!A6="", "", 'DOD Staging'!A6) -> JA-17 | B6: =IF('DOD Staging'!B6="", "", 'DOD Staging'!B6) -> Book Recommendations based on user history | C6: =IF('DOD Staging'!C6="", "", 'DOD Staging'!C6) -> Jira Admin | D6: =IF('DOD Staging'!D6="", "", 'DOD Staging'!D6) -> Jira AdminJira Admin | E6: =IF('DOD Staging'!E6="", "", 'DOD Staging'!E6) -> 13 Nov 2025 | F6: =IF('DOD Staging'!F6="", "", 'DOD Staging'!F6) -> Dec_1.0 | G6: =IF('DOD Staging'!G6="", "", 'DOD Staging'!G6) -> Dec_1.0 | H6: =IF('DOD Staging'!H6="", "", 'DOD Staging'!H6) -> 32 | ... Q6: =IF('DOD Staging'!Q6="", "", 'DOD Staging'!Q6) -> JA-22 | R6: =IF(AND(N6="",P6=""),"",IF(OR(N6="Not Completed",P6="Not Completed"),"Not Completed",IF(AND(N6="Done",P6="Done"),"Done",IF(OR(N6="Done",P6="Done"),"Done","")))) -> Not Completed
A7: =IF('DOD Staging'!A7="", "", 'DOD Staging'!A7) | B7: =IF('DOD Staging'!B7="", "", 'DOD Staging'!B7) | C7: =IF('DOD Staging'!C7="", "", 'DOD Staging'!C7) | D7: =IF('DOD Staging'!D7="", "", 'DOD Staging'!D7) | E7: =IF('DOD Staging'!E7="", "", 'DOD Staging'!E7) | F7: =IF('DOD Staging'!F7="", "", 'DOD Staging'!F7) | G7: =IF('DOD Staging'!G7="", "", 'DOD Staging'!G7) | H7: =IF('DOD Staging'!H7="", "", 'DOD Staging'!H7) | ... Q7: =IF('DOD Staging'!Q7="", "", 'DOD Staging'!Q7) | R7: =IF(AND(N7="",P7=""),"",IF(OR(N7="Not Completed",P7="Not Completed"),"Not Completed",IF(AND(N7="Done",P7="Done"),"Done",IF(OR(N7="Done",P7="Done"),"Done",""))))
A8: =IF('DOD Staging'!A8="", "", 'DOD Staging'!A8) | B8: =IF('DOD Staging'!B8="", "", 'DOD Staging'!B8) | C8: =IF('DOD Staging'!C8="", "", 'DOD Staging'!C8) | D8: =IF('DOD Staging'!D8="", "", 'DOD Staging'!D8) | E8: =IF('DOD Staging'!E8="", "", 'DOD Staging'!E8) | F8: =IF('DOD Staging'!F8="", "", 'DOD Staging'!F8) | G8: =IF('DOD Staging'!G8="", "", 'DOD Staging'!G8) | H8: =IF('DOD Staging'!H8="", "", 'DOD Staging'!H8) | ... Q8: =IF('DOD Staging'!Q8="", "", 'DOD Staging'!Q8) | R8: =IF(AND(N8="",P8=""),"",IF(OR(N8="Not Completed",P8="Not Completed"),"Not Completed",IF(AND(N8="Done",P8="Done"),"Done",IF(OR(N8="Done",P8="Done"),"Done",""))))
A9: =IF('DOD Staging'!A9="", "", 'DOD Staging'!A9) | B9: =IF('DOD Staging'!B9="", "", 'DOD Staging'!B9) | C9: =IF('DOD Staging'!C9="", "", 'DOD Staging'!C9) | D9: =IF('DOD Staging'!D9="", "", 'DOD Staging'!D9) | E9: =IF('DOD Staging'!E9="", "", 'DOD Staging'!E9) | F9: =IF('DOD Staging'!F9="", "", 'DOD Staging'!F9) | G9: =IF('DOD Staging'!G9="", "", 'DOD Staging'!G9) | H9: =IF('DOD Staging'!H9="", "", 'DOD Staging'!H9) | ... Q9: =IF('DOD Staging'!Q9="", "", 'DOD Staging'!Q9) | R9: =IF(AND(N9="",P9=""),"",IF(OR(N9="Not Completed",P9="Not Completed"),"Not Completed",IF(AND(N9="Done",P9="Done"),"Done",IF(OR(N9="Done",P9="Done"),"Done",""))))
A10: =IF('DOD Staging'!A10="", "", 'DOD Staging'!A10) | B10: =IF('DOD Staging'!B10="", "", 'DOD Staging'!B10) | C10: =IF('DOD Staging'!C10="", "", 'DOD Staging'!C10) | D10: =IF('DOD Staging'!D10="", "", 'DOD Staging'!D10) | E10: =IF('DOD Staging'!E10="", "", 'DOD Staging'!E10) | F10: =IF('DOD Staging'!F10="", "", 'DOD Staging'!F10) | G10: =IF('DOD Staging'!G10="", "", 'DOD Staging'!G10) | H10: =IF('DOD Staging'!H10="", "", 'DOD Staging'!H10) | ... Q10: =IF('DOD Staging'!Q10="", "", 'DOD Staging'!Q10) | R10: =IF(AND(N10="",P10=""),"",IF(OR(N10="Not Completed",P10="Not Completed"),"Not Completed",IF(AND(N10="Done",P10="Done"),"Done",IF(OR(N10="Done",P10="Done"),"Done",""))))
A11: =IF('DOD Staging'!A11="", "", 'DOD Staging'!A11) | B11: =IF('DOD Staging'!B11="", "", 'DOD Staging'!B11) | C11: =IF('DOD Staging'!C11="", "", 'DOD Staging'!C11) | D11: =IF('DOD Staging'!D11="", "", 'DOD Staging'!D11) | E11: =IF('DOD Staging'!E11="", "", 'DOD Staging'!E11) | F11: =IF('DOD Staging'!F11="", "", 'DOD Staging'!F11) | G11: =IF('DOD Staging'!G11="", "", 'DOD Staging'!G11) | H11: =IF('DOD Staging'!H11="", "", 'DOD Staging'!H11) | ... Q11: =IF('DOD Staging'!Q11="", "", 'DOD Staging'!Q11) | R11: =IF(AND(N11="",P11=""),"",IF(OR(N11="Not Completed",P11="Not Completed"),"Not Completed",IF(AND(N11="Done",P11="Done"),"Done",IF(OR(N11="Done",P11="Done"),"Done",""))))
A12: =IF('DOD Staging'!A12="", "", 'DOD Staging'!A12) | B12: =IF('DOD Staging'!B12="", "", 'DOD Staging'!B12) | C12: =IF('DOD Staging'!C12="", "", 'DOD Staging'!C12) | D12: =IF('DOD Staging'!D12="", "", 'DOD Staging'!D12) | E12: =IF('DOD Staging'!E12="", "", 'DOD Staging'!E12) | F12: =IF('DOD Staging'!F12="", "", 'DOD Staging'!F12) | G12: =IF('DOD Staging'!G12="", "", 'DOD Staging'!G12) | H12: =IF('DOD Staging'!H12="", "", 'DOD Staging'!H12) | ... Q12: =IF('DOD Staging'!Q12="", "", 'DOD Staging'!Q12) | R12: =IF(AND(N12="",P12=""),"",IF(OR(N12="Not Completed",P12="Not Completed"),"Not Completed",IF(AND(N12="Done",P12="Done"),"Done",IF(OR(N12="Done",P12="Done"),"Done",""))))
A13: =IF('DOD Staging'!A13="", "", 'DOD Staging'!A13) | B13: =IF('DOD Staging'!B13="", "", 'DOD Staging'!B13) | C13: =IF('DOD Staging'!C13="", "", 'DOD Staging'!C13) | D13: =IF('DOD Staging'!D13="", "", 'DOD Staging'!D13) | E13: =IF('DOD Staging'!E13="", "", 'DOD Staging'!E13) | F13: =IF('DOD Staging'!F13="", "", 'DOD Staging'!F13) | G13: =IF('DOD Staging'!G13="", "", 'DOD Staging'!G13) | H13: =IF('DOD Staging'!H13="", "", 'DOD Staging'!H13) | ... Q13: =IF('DOD Staging'!Q13="", "", 'DOD Staging'!Q13) | R13: =IF(AND(N13="",P13=""),"",IF(OR(N13="Not Completed",P13="Not Completed"),"Not Completed",IF(AND(N13="Done",P13="Done"),"Done",IF(OR(N13="Done",P13="Done"),"Done",""))))
... A64: =IF('DOD Staging'!A64="", "", 'DOD Staging'!A64) | B64: =IF('DOD Staging'!B64="", "", 'DOD Staging'!B64) | C64: =IF('DOD Staging'!C64="", "", 'DOD Staging'!C64) | D64: =IF('DOD Staging'!D64="", "", 'DOD Staging'!D64) | E64: =IF('DOD Staging'!E64="", "", 'DOD Staging'!E64) | F64: =IF('DOD Staging'!F64="", "", 'DOD Staging'!F64) | G64: =IF('DOD Staging'!G64="", "", 'DOD Staging'!G64) | H64: =IF('DOD Staging'!H64="", "", 'DOD Staging'!H64) | ... Q64: =IF('DOD Staging'!Q64="", "", 'DOD Staging'!Q64) | R64: =IF(AND(N64="",P64=""),"",IF(OR(N64="Not Completed",P64="Not Completed"),"Not Completed",IF(AND(N64="Done",P64="Done"),"Done",IF(OR(N64="Done",P64="Done"),"Done",""))))
A65: =IF('DOD Staging'!A65="", "", 'DOD Staging'!A65) | B65: =IF('DOD Staging'!B65="", "", 'DOD Staging'!B65) | C65: =IF('DOD Staging'!C65="", "", 'DOD Staging'!C65) | D65: =IF('DOD Staging'!D65="", "", 'DOD Staging'!D65) | E65: =IF('DOD Staging'!E65="", "", 'DOD Staging'!E65) | F65: =IF('DOD Staging'!F65="", "", 'DOD Staging'!F65) | G65: =IF('DOD Staging'!G65="", "", 'DOD Staging'!G65) | H65: =IF('DOD Staging'!H65="", "", 'DOD Staging'!H65) | ... Q65: =IF('DOD Staging'!Q65="", "", 'DOD Staging'!Q65)
