Workbook

Sheet Export Summary
B3: This document was exported from Numbers. Each table was converted to an Excel worksheet. All other objects on each Numbers sheet were placed on separate worksheets. Please be aware that formula calculations may differ in Excel.
B7: Numbers Sheet Name | C7: Numbers Table Name | D7: Excel Worksheet Name
B9: DOD Staging
C10: Table 1 | D10: DOD Staging
B11: DOD Status
C12: Table 1 | D12: DOD Status

Sheet DOD Staging
A1: Story ID | B1: Status | C1: Summary | D1: Assigne | E1: Reporter | F1: Due Date | G1: Affect verion | H1: Fixed version | I1: Story Points | J1: Label | K1: Acceptance Criteria | L1: Description | M1: Team Name | N1: Epic Link | O1: Sub tasks | P1: Incomplete Sub Tasks | Q1: Issue links | R1: Incomplete Issue Links | S1: DOD Status
A2: JA-4 | B2: In Progress | C2: Work on logging to the jira page via selenium | D2: Jira Admin | E2: Jira AdminJira Admin | F2: 18 Nov 2025 | G2: Release 1.0 | H2: Release 1.0 | I2: 10 | J2: Build | K2: Given a registered user is on the login pageWhen they enter a valid username and password and click the “Login” ButtonThen they should be redirected to the dashboard page | L2: As a user I should be able to login to Atlassian Jira so that I can fetch the user stories | M2: Automation team | N2: https://jiraautomation.atlassian.net/browse/JA-3 | O2: Done | Q2: Not Completed | R2: JA-18
A3: JA-13 | B3: In Progress | C3: Control of all smart devices from a single app | D3: Jira Admin | E3: Jira AdminJira Admin | F3: 18 Nov 2026 | G3: Nov_Release_1.0 | H3: Nov_Release_1.0 | I3: 30 | J3: Build | K3: Given that the user have multiple smart devices connected to the home network,When User open the smart home app,Then user should see a dashboard displaying all connected devices | L3: As a smart home owner , I want to control all of my smart devices from a single app, so I can easily manage my home’s technology. | M3: Automation team | N3: https://jiraautomation.atlassian.net/browse/JA-3 | O3: Not Completed | P3: JA-6, JA-14, JA-15 | Q3: Not Completed | R3: JA-20, JA-24
A4: JA-16 | B4: In Progress | C4: Real time updates about food menu on Website | D4: Jira Admin | E4: Jira AdminJira Admin | F4: 27 Nov 2025 | G4: Dec_1.0 | H4: Dec_1.0 | I4: 20 | J4: config | K4: Given that I make any menu updates, When a customer refreshes or navigates the menu page, Then they should see the most recent and accurate information. | L4: As a restaurant Owner, I want to update my items in real-time on my website, so that my customers have accurate information | M4: Automation team | N4: https://jiraautomation.atlassian.net/browse/JA-3 | O4: Not Completed | P4: JA-27, JA-28, JA-29 | Q4: Not Completed | R4: JA-25, JA-21
A5: JA-5 | B5: In Progress | C5: create dummy stories for the project demo | D5: Jira Admin | E5: Jira AdminJira Admin | F5: 18 Nov 2025 | G5: Nov_Release_1.0 | H5: Nov_Release_1.0 | I5: 3 | J5: config | K5: Add text | L5: To check whether functionality is working fine or not | M5: Automation team | N5: https://jiraautomation.atlassian.net/browse/JA-3 | O5: Not Completed | P5: JA-33, JA-34 | Q5: Not Completed | R5: JA-19, JA-23
A6: JA-17 | B6: In Progress | C6: Book Recommendations based on user history | D6: Jira Admin | E6: Jira AdminJira Admin | F6: 13 Nov 2025 | G6: Dec_1.0 | H6: Dec_1.0 | I6: 32 | J6: Build | K6: Given that I am viewing the recommended books, When I click on the book title, Then I should see its details, ratings and option to add it to my reading list | L6: As an avid reader, I want to receive personalized book recommendations based on my reading history, so that I can discover new books that align my interests | M6: Automation team | N6: https://jiraautomation.atlassian.net/browse/JA-3 | O6: Not Completed | P6: JA-30, JA-31, JA-32 | Q6: Not Completed | R6: JA-22, JA-26

Sheet DOD Status
A1: Story ID | C1: Summary | D1: Assigne | E1: Reporter | F1: Due Date | G1: Affect verion | H1: Fixed version | I1: Story Points | J1: Label | K1: Acceptance Criteria | L1: Description | M1: Team Name | N1: Epic Link | O1: Sub tasks | P1: Incomplete Sub Tasks | Q1: Issue links | R1: Incomplete Issue Links | S1: DOD Status
A2: =IF('DOD Staging'!A2="","",'DOD Staging'!A2) | B2: =IF('DOD Staging'!B2="","",'DOD Staging'!B2) | C2: =IF('DOD Staging'!C2="","",'DOD Staging'!C2) | D2: =IF('DOD Staging'!D2="","",'DOD Staging'!D2) | E2: =IF('DOD Staging'!E2="","",'DOD Staging'!E2) | F2: =IF('DOD Staging'!F2="","",'DOD Staging'!F2) | G2: =IF('DOD Staging'!G2="","",'DOD Staging'!G2) | H2: =IF('DOD Staging'!H2="","",'DOD Staging'!H2) | ... R2: =IF('DOD Staging'!R2="","",'DOD Staging'!R2) | S2: =IF(AND(O2="",Q2=""),"",IF(OR(O2="Not Completed",Q2="Not Completed"),"Not Completed",IF(AND(O2="Done",Q2="Done"),"Done",IF(OR(O2="Done",Q2="Done"),"Done",""))))
A3: =IF('DOD Staging'!A3="","",'DOD Staging'!A3) | C3: =IF('DOD Staging'!C3="","",'DOD Staging'!C3) | D3: =IF('DOD Staging'!D3="","",'DOD Staging'!D3) | E3: =IF('DOD Staging'!E3="","",'DOD Staging'!E3) | F3: =IF('DOD Staging'!F3="","",'DOD Staging'!F3) | G3: =IF('DOD Staging'!G3="","",'DOD Staging'!G3) | H3: =IF('DOD Staging'!H3="","",'DOD Staging'!H3) | I3: =IF('DOD Staging'!I3="","",'DOD Staging'!I3) | J3: =IF('DOD Staging'!J3="","",'DOD Staging'!J3) | ... R3: =IF('DOD Staging'!R3="","",'DOD Staging'!R3) | S3: =IF(AND(O3="",Q3=""),"",IF(OR(O3="Not Completed",Q3="Not Completed"),"Not Completed",IF(AND(O3="Done",Q3="Done"),"Done",IF(OR(O3="Done",Q3="Done"),"Done",""))))
A4: =IF('DOD Staging'!A4="","",'DOD Staging'!A4) | C4: =IF('DOD Staging'!C4="","",'DOD Staging'!C4) | D4: =IF('DOD Staging'!D4="","",'DOD Staging'!D4) | E4: =IF('DOD Staging'!E4="","",'DOD Staging'!E4) | F4: =IF('DOD Staging'!F4="","",'DOD Staging'!F4) | G4: =IF('DOD Staging'!G4="","",'DOD Staging'!G4) | H4: =IF('DOD Staging'!H4="","",'DOD Staging'!H4) | I4: =IF('DOD Staging'!I4="","",'DOD Staging'!I4) | J4: =IF('DOD Staging'!J4="","",'DOD Staging'!J4) | ... R4: =IF('DOD Staging'!R4="","",'DOD Staging'!R4) | S4: =IF(AND(O4="",Q4=""),"",IF(OR(O4="Not Completed",Q4="Not Completed"),"Not Completed",IF(AND(O4="Done",Q4="Done"),"Done",IF(OR(O4="Done",Q4="Done"),"Done",""))))
A5: =IF('DOD Staging'!A5="","",'DOD Staging'!A5) | C5: =IF('DOD Staging'!C5="","",'DOD Staging'!C5) | D5: =IF('DOD Staging'!D5="","",'DOD Staging'!D5) | E5: =IF('DOD Staging'!E5="","",'DOD Staging'!E5) | F5: =IF('DOD Staging'!F5="","",'DOD Staging'!F5) | G5: =IF('DOD Staging'!G5="","",'DOD Staging'!G5) | H5: =IF('DOD Staging'!H5="","",'DOD Staging'!H5) | I5: =IF('DOD Staging'!I5="","",'DOD Staging'!I5) | J5: =IF('DOD Staging'!J5="","",'DOD Staging'!J5) | ... R5: =IF('DOD Staging'!R5="","",'DOD Staging'!R5) | S5: =IF(AND(O5="",Q5=""),"",IF(OR(O5="Not Completed",Q5="Not Completed"),"Not Completed",IF(AND(O5="Done",Q5="Done"),"Done",IF(OR(O5="Done",Q5="Done"),"Done",""))))
A6: =IF('DOD Staging'!A6="","",'DOD Staging'!A6) | C6: =IF('DOD Staging'!C6="","",'DOD Staging'!C6) | D6: =IF('DOD Staging'!D6="","",'DOD Staging'!D6) | E6: =IF('DOD Staging'!E6="","",'DOD Staging'!E6) | F6: =IF('DOD Staging'!F6="","",'DOD Staging'!F6) | G6: =IF('DOD Staging'!G6="","",'DOD Staging'!G6) | H6: =IF('DOD Staging'!H6="","",'DOD Staging'!H6) | I6: =IF('DOD Staging'!I6="","",'DOD Staging'!I6) | J6: =IF('DOD Staging'!J6="","",'DOD Staging'!J6) | ... R6: =IF('DOD Staging'!R6="","",'DOD Staging'!R6) | S6: =IF(AND(O6="",Q6=""),"",IF(OR(O6="Not Completed",Q6="Not Completed"),"Not Completed",IF(AND(O6="Done",Q6="Done"),"Done",IF(OR(O6="Done",Q6="Done"),"Done",""))))
A7: =IF('DOD Staging'!A7="","",'DOD Staging'!A7) | C7: =IF('DOD Staging'!C7="","",'DOD Staging'!C7) | D7: =IF('DOD Staging'!D7="","",'DOD Staging'!D7) | E7: =IF('DOD Staging'!E7="","",'DOD Staging'!E7) | F7: =IF('DOD Staging'!F7="","",'DOD Staging'!F7) | G7: =IF('DOD Staging'!G7="","",'DOD Staging'!G7) | H7: =IF('DOD Staging'!H7="","",'DOD Staging'!H7) | I7: =IF('DOD Staging'!I7="","",'DOD Staging'!I7) | J7: =IF('DOD Staging'!J7="","",'DOD Staging'!J7) | ... R7: =IF('DOD Staging'!R7="","",'DOD Staging'!R7) | S7: =IF(AND(O7="",Q7=""),"",IF(OR(O7="Not Completed",Q7="Not Completed"),"Not Completed",IF(AND(O7="Done",Q7="Done"),"Done",IF(OR(O7="Done",Q7="Done"),"Done",""))))
A8: =IF('DOD Staging'!A8="","",'DOD Staging'!A8) | C8: =IF('DOD Staging'!C8="","",'DOD Staging'!C8) | D8: =IF('DOD Staging'!D8="","",'DOD Staging'!D8) | E8: =IF('DOD Staging'!E8="","",'DOD Staging'!E8) | F8: =IF('DOD Staging'!F8="","",'DOD Staging'!F8) | G8: =IF('DOD Staging'!G8="","",'DOD Staging'!G8) | H8: =IF('DOD Staging'!H8="","",'DOD Staging'!H8) | I8: =IF('DOD Staging'!I8="","",'DOD Staging'!I8) | J8: =IF('DOD Staging'!J8="","",'DOD Staging'!J8) | ... R8: =IF('DOD Staging'!R8="","",'DOD Staging'!R8) | S8: =IF(AND(O8="",Q8=""),"",IF(OR(O8="Not Completed",Q8="Not Completed"),"Not Completed",IF(AND(O8="Done",Q8="Done"),"Done",IF(OR(O8="Done",Q8="Done"),"Done",""))))
A9: =IF('DOD Staging'!A9="","",'DOD Staging'!A9) | C9: =IF('DOD Staging'!C9="","",'DOD Staging'!C9) | D9: =IF('DOD Staging'!D9="","",'DOD Staging'!D9) | E9: =IF('DOD Staging'!E9="","",'DOD Staging'!E9) | F9: =IF('DOD Staging'!F9="","",'DOD Staging'!F9) | G9: =IF('DOD Staging'!G9="","",'DOD Staging'!G9) | H9: =IF('DOD Staging'!H9="","",'DOD Staging'!H9) | I9: =IF('DOD Staging'!I9="","",'DOD Staging'!I9) | J9: =IF('DOD Staging'!J9="","",'DOD Staging'!J9) | ... R9: =IF('DOD Staging'!R9="","",'DOD Staging'!R9) | S9: =IF(AND(O9="",Q9=""),"",IF(OR(O9="Not Completed",Q9="Not Completed"),"Not Completed",IF(AND(O9="Done",Q9="Done"),"Done",IF(OR(O9="Done",Q9="Done"),"Done",""))))
A10: =IF('DOD Staging'!A10="","",'DOD Staging'!A10) | C10: =IF('DOD Staging'!C10="","",'DOD Staging'!C10) | D10: =IF('DOD Staging'!D10="","",'DOD Staging'!D10) | E10: =IF('DOD Staging'!E10="","",'DOD Staging'!E10) | F10: =IF('DOD Staging'!F10="","",'DOD Staging'!F10) | G10: =IF('DOD Staging'!G10="","",'DOD Staging'!G10) | H10: =IF('DOD Staging'!H10="","",'DOD Staging'!H10) | I10: =IF('DOD Staging'!I10="","",'DOD Staging'!I10) | J10: =IF('DOD Staging'!J10="","",'DOD Staging'!J10) | ... R10: =IF('DOD Staging'!R10="","",'DOD Staging'!R10) | S10: =IF(AND(O10="",Q10=""),"",IF(OR(O10="Not Completed",Q10="Not Completed"),"Not Completed",IF(AND(O10="Done",Q10="Done"),"Done",IF(OR(O10="Done",Q10="Done"),"Done",""))))
A11: =IF('DOD Staging'!A11="","",'DOD Staging'!A11) | C11: =IF('DOD Staging'!C11="","",'DOD Staging'!C11) | D11: =IF('DOD Staging'!D11="","",'DOD Staging'!D11) | E11: =IF('DOD Staging'!E11="","",'DOD Staging'!E11) | F11: =IF('DOD Staging'!F11="","",'DOD Staging'!F11) | G11: =IF('DOD Staging'!G11="","",'DOD Staging'!G11) | H11: =IF('DOD Staging'!H11="","",'DOD Staging'!H11) | I11: =IF('DOD Staging'!I11="","",'DOD Staging'!I11) | J11: =IF('DOD Staging'!J11="","",'DOD Staging'!J11) | ... R11: =IF('DOD Staging'!R11="","",'DOD Staging'!R11) | S11: =IF(AND(O11="",Q11=""),"",IF(OR(O11="Not Completed",Q11="Not Completed"),"Not Completed",IF(AND(O11="Done",Q11="Done"),"Done",IF(OR(O11="Done",Q11="Done"),"Done",""))))
A12: =IF('DOD Staging'!A12="","",'DOD Staging'!A12) | C12: =IF('DOD Staging'!C12="","",'DOD Staging'!C12) | D12: =IF('DOD Staging'!D12="","",'DOD Staging'!D12) | E12: =IF('DOD Staging'!E12="","",'DOD Staging'!E12) | F12: =IF('DOD Staging'!F12="","",'DOD Staging'!F12) | G12: =IF('DOD Staging'!G12="","",'DOD Staging'!G12) | H12: =IF('DOD Staging'!H12="","",'DOD Staging'!H12) | I12: =IF('DOD Staging'!I12="","",'DOD Staging'!I12) | J12: =IF('DOD Staging'!J12="","",'DOD Staging'!J12) | ... R12: =IF('DOD Staging'!R12="","",'DOD Staging'!R12) | S12: =IF(AND(O12="",Q12=""),"",IF(OR(O12="Not Completed",Q12="Not Completed"),"Not Completed",IF(AND(O12="Done",Q12="Done"),"Done",IF(OR(O12="Done",Q12="Done"),"Done",""))))
A13: =IF('DOD Staging'!A13="","",'DOD Staging'!A13) | C13: =IF('DOD Staging'!C13="","",'DOD Staging'!C13) | D13: =IF('DOD Staging'!D13="","",'DOD Staging'!D13) | E13: =IF('DOD Staging'!E13="","",'DOD Staging'!E13) | F13: =IF('DOD Staging'!F13="","",'DOD Staging'!F13) | G13: =IF('DOD Staging'!G13="","",'DOD Staging'!G13) | H13: =IF('DOD Staging'!H13="","",'DOD Staging'!H13) | I13: =IF('DOD Staging'!I13="","",'DOD Staging'!I13) | J13: =IF('DOD Staging'!J13="","",'DOD Staging'!J13) | ... R13: =IF('DOD Staging'!R13="","",'DOD Staging'!R13) | S13: =IF(AND(O13="",Q13=""),"",IF(OR(O13="Not Completed",Q13="Not Completed"),"Not Completed",IF(AND(O13="Done",Q13="Done"),"Done",IF(OR(O13="Done",Q13="Done"),"Done",""))))
A14: =IF('DOD Staging'!A14="","",'DOD Staging'!A14) | C14: =IF('DOD Staging'!C14="","",'DOD Staging'!C14) | D14: =IF('DOD Staging'!D14="","",'DOD Staging'!D14) | E14: =IF('DOD Staging'!E14="","",'DOD Staging'!E14) | F14: =IF('DOD Staging'!F14="","",'DOD Staging'!F14) | G14: =IF('DOD Staging'!G14="","",'DOD Staging'!G14) | H14: =IF('DOD Staging'!H14="","",'DOD Staging'!H14) | I14: =IF('DOD Staging'!I14="","",'DOD Staging'!I14) | J14: =IF('DOD Staging'!J14="","",'DOD Staging'!J14) | ... R14: =IF('DOD Staging'!R14="","",'DOD Staging'!R14) | S14: =IF(AND(O14="",Q14=""),"",IF(OR(O14="Not Completed",Q14="Not Completed"),"Not Completed",IF(AND(O14="Done",Q14="Done"),"Done",IF(OR(O14="Done",Q14="Done"),"Done",""))))
... A64: =IF('DOD Staging'!A64="","",'DOD Staging'!A64) | C64: =IF('DOD Staging'!C64="","",'DOD Staging'!C64) | D64: =IF('DOD Staging'!D64="","",'DOD Staging'!D64) | E64: =IF('DOD Staging'!E64="","",'DOD Staging'!E64) | F64: =IF('DOD Staging'!F64="","",'DOD Staging'!F64) | G64: =IF('DOD Staging'!G64="","",'DOD Staging'!G64) | H64: =IF('DOD Staging'!H64="","",'DOD Staging'!H64) | I64: =IF('DOD Staging'!I64="","",'DOD Staging'!I64) | J64: =IF('DOD Staging'!J64="","",'DOD Staging'!J64) | ... R64: =IF('DOD Staging'!R64="","",'DOD Staging'!R64) | S64: =IF(AND(O64="",Q64=""),"",IF(OR(O64="Not Completed",Q64="Not Completed"),"Not Completed",IF(AND(O64="Done",Q64="Done"),"Done",IF(OR(O64="Done",Q64="Done"),"Done",""))))
A65: =IF('DOD Staging'!A65="","",'DOD Staging'!A65) | C65: =IF('DOD Staging'!C65="","",'DOD Staging'!C65) | D65: =IF('DOD Staging'!D65="","",'DOD Staging'!D65) | E65: =IF('DOD Staging'!E65="","",'DOD Staging'!E65) | F65: =IF('DOD Staging'!F65="","",'DOD Staging'!F65) | G65: =IF('DOD Staging'!G65="","",'DOD Staging'!G65) | H65: =IF('DOD Staging'!H65="","",'DOD Staging'!H65) | I65: =IF('DOD Staging'!I65="","",'DOD Staging'!I65) | J65: =IF('DOD Staging'!J65="","",'DOD Staging'!J65) | ... R65: =IF('DOD Staging'!R65="","",'DOD Staging'!R65)
